{
	"format_version": "1.12.0",
	"minecraft:geometry": [
		{
			"description": {
				"identifier": "geometry.filled_fish_bowl_block",
				"texture_width": 16,
				"texture_height": 16,
				"visible_bounds_width": 2,
				"visible_bounds_height": 2.5,
				"visible_bounds_offset": [0, 0.75, 0]
			},
			"bones": [
				{
					"name": "bone",
					"pivot": [8, 0, -8],
					"cubes": [
						{
							"origin": [-3.3, 7.1, -3.3],
							"size": [6.6, 3.6, 6.6],
							"uv": {
								"north": {"uv": [5.33333, 3], "uv_size": [3, 1.66667]},
								"east": {"uv": [5.33333, 8], "uv_size": [3, 1.66667]},
								"south": {"uv": [5.33333, 4.66667], "uv_size": [3, 1.66666]},
								"west": {"uv": [5.33333, 6.33333], "uv_size": [3, 1.66667]},
								"up": {"uv": [5.33333, 0], "uv_size": [3, 3]},
								"down": {"uv": [5.33333, 10.66667], "uv_size": [3, -1]}
							}
						},
						{
							"origin": [-4.8, 0.1, -4.8],
							"size": [9.6, 9.6, 9.6],
							"uv": {
								"north": {"uv": [0, 0], "uv_size": [5.33333, 5.33333]},
								"east": {"uv": [0, 0], "uv_size": [5.33333, 5.33333]},
								"south": {"uv": [0, 0], "uv_size": [5.33333, 5.33333]},
								"west": {"uv": [0, 0], "uv_size": [5.33333, 5.33333]},
								"up": {"uv": [0, 5.33333], "uv_size": [5.33333, 5.33334]},
								"down": {"uv": [0, 5.33333], "uv_size": [5.33333, -5.33333]}
							}
						}
					]
				},
				{
					"name": "water",
					"parent": "bone",
					"pivot": [0, 0, 0],
					"cubes": [
						{
							"origin": [-4.2, 0.6, -4.3],
							"size": [8.5, 8.5, 8.5],
							"uv": {
								"north": {"uv": [8.33333, 0], "uv_size": [5.33334, 5.33333]},
								"east": {"uv": [8.33333, 0], "uv_size": [5.33334, 5.33333]},
								"south": {"uv": [8.33333, 0], "uv_size": [5.33334, 5.33333]},
								"west": {"uv": [8.33333, 0], "uv_size": [5.33334, 5.33333]},
								"up": {"uv": [13.66667, 5.33333], "uv_size": [-5.33334, -5.33333]},
								"down": {"uv": [13.66667, 5.33333], "uv_size": [-5.33334, -5.33333]}
							}
						}
					]
				}
			]
		}
	]
}