{
	"format_version": "1.12.0",
	"minecraft:geometry": [
		{
			"description": {
				"identifier": "geometry.unknown",
				"texture_width": 64,
				"texture_height": 64,
				"visible_bounds_width": 3,
				"visible_bounds_height": 4.5,
				"visible_bounds_offset": [0, 1.75, 0]
			},
			"bones": [
				{
					"name": "armorHead",
					"pivot": [0, 24, 0]
				},
				{
					"name": "bipedHead",
					"parent": "armorHead",
					"pivot": [0, 24, 0],
					"cubes": [
						{
							"origin": [-4, 24, -4],
							"size": [8, 8, 8],
							"inflate": 0.8,
							"uv": {
								"north": {"uv": [0, 0], "uv_size": [21.33333, 21.33333]},
								"east": {"uv": [0, 0], "uv_size": [21.33333, 21.33333]},
								"south": {"uv": [0, 0], "uv_size": [21.33333, 21.33333]},
								"west": {"uv": [0, 0], "uv_size": [21.33333, 21.33333]},
								"up": {"uv": [0, 21.33333], "uv_size": [21.33333, 21.33333]},
								"down": {"uv": [0, 21.33333], "uv_size": [21.33333, -21.33333]}
							}
						},
						{
							"origin": [-2.5, 30.7, -2.5],
							"size": [5, 2, 5],
							"inflate": 0.8,
							"uv": {
								"north": {"uv": [21.46666, 11.93333], "uv_size": [11.93333, 6.73333]},
								"east": {"uv": [21.33333, 31.93333], "uv_size": [11.93333, 6.6]},
								"south": {"uv": [21.33333, 18.66667], "uv_size": [11.93333, 6.33333]},
								"west": {"uv": [21.33333, 25.4], "uv_size": [11.93333, 6.06667]},
								"up": {"uv": [21.33333, 0], "uv_size": [12.06667, 11.86667]},
								"down": {"uv": [21.4, 42.46667], "uv_size": [11.93333, -3.93333]}
							}
						},
						{
							"origin": [-4, 23.95, -4],
							"size": [8, 8, 8],
							"inflate": 0.25,
							"uv": {
								"north": {"uv": [33.53333, 0], "uv_size": [21.2, 21.46667]},
								"east": {"uv": [33.53333, 0], "uv_size": [21.2, 21.46667]},
								"south": {"uv": [33.53333, 0], "uv_size": [21.2, 21.46667]},
								"west": {"uv": [33.53333, 0], "uv_size": [21.2, 21.46667]},
								"up": {"uv": [54.73333, 21.46667], "uv_size": [-21.2, -21.46667]},
								"down": {"uv": [54.73333, 21.46667], "uv_size": [-21.2, -21.46667]}
							}
						}
					]
				}
			]
		}
	]
}